city,Unique Categories
New York,Public Transportation
New York,Language Schools
New York,Shoe Stores
New York,Office Equipment
New York,Piadina
New York,Medical Supplies
New York,Bike Sharing
New York,Trivia Hosts
New York,Whale Watching Tours
New York,Discount Store
New York,Pedicabs
New York,Cheerleading
New York,South African
New York,Personal Shopping
New York,Florists
New York,Music Production Services
New York,Ski Resorts
New York,Taxis
New York,Armenian
New York,Slovakian
New York,Bus Stations
New York,Club Crawl
New York,Georgian
New York,Sommelier Services
New York,Malaysian
New York,Fondue
New York,Australian
New York,Public Art
New York,Ice Delivery
New York,Hainan
New York,Pain Management
New York,Japanese Curry
New York,Badminton
New York,Vermouth Bars
New York,Adult Education
New York,Laundromat
New York,Sicilian
New York,Buddhist Temples
New York,Bangladeshi
New York,Pest Control
New York,Scottish
Miami,Bubble Soccer
Miami,Racing Experience
Miami,Local Fish Stores
Miami,Nail Salons
Miami,Motorcycle Dealers
Miami,Landscaping
Miami,Medical Spas
Miami,Skate Shops
Miami,Churches
Miami,Glass & Mirrors
Miami,Party Characters
Miami,Bounce House Rentals
Miami,Boat Dealers
Miami,Religious Items
Miami,Vacation Rentals
Miami,Ferries
Miami,Golf Cart Rentals
Miami,Nicaraguan
Miami,Bartenders
Miami,Hotels & Travel
Miami,Herbal Shops
Miami,Moroccan
Miami,Pawn Shops
Miami,Beach Equipment Rentals
Miami,Sardinian
Miami,Hot Tub & Pool
Miami,Wholesale Stores
Miami,Skydiving
Miami,Piercing
Miami,Snorkeling
Miami,Scooter Rentals
Miami,Water Parks
Miami,Airsoft
Miami,Champagne Bars
Miami,Animal Shelters
Miami,Art Consultants
Miami,Kids Hair Salons
Miami,Dive Shops
Miami,Outdoor Movies
Miami,Midwives
Miami,Luggage Storage
Miami,"Books, Mags, Music & Video"
Miami,Children's Clothing
Miami,Flyboarding
Miami,Christmas Trees
Miami,Pool & Hot Tub Service
Miami,Aquarium Services
Miami,Speech Therapists
Miami,Test Preparation
Miami,Lighting Stores
Miami,Boat Parts & Supplies
Miami,Hostels
Miami,Interior Design
Miami,Campgrounds
Miami,Men's Clothing
Miami,Videographers
Miami,Car Rental
Miami,Parasailing
Miami,Sunglasses
Miami,Boat Repair
Miami,Nanny Services
Miami,Surf Schools
Miami,Notaries
Miami,Resorts
Miami,Kiteboarding
Miami,Diving
Miami,Wedding Chapels
Miami,Eyelash Service
Miami,Basque
Denver,Party Supplies
Denver,Barbers
Denver,Community Centers
Denver,Local Flavor
Denver,Cambodian
Denver,Caricatures
Denver,"Used, Vintage & Consignment"
Denver,Art Supplies
Denver,Furniture Stores
Denver,Lakes
Denver,Ski & Snowboard Shops
Denver,Airlines
Denver,Polynesian
Denver,Fashion
Denver,RV Rental
Denver,Hobby Shops
Denver,CSA
Denver,Sledding
Denver,Reflexology
Denver,Cryotherapy
Denver,Auto Parts & Supplies
Denver,Hot Air Balloons
Denver,Cannabis Dispensaries
Denver,Drama Schools
Denver,Water Stores
Denver,Knitting Supplies
Denver,Television Stations
Denver,Public Markets
Denver,Traditional Chinese Medicine
Denver,Ski Schools
Denver,Used Bookstore
Denver,Rugs
Denver,Vocational & Technical School
Denver,Veterinarians
Denver,Grilling Equipment
Denver,Civic Center
Denver,Brewing Supplies
Denver,Senegalese
Denver,Libraries
Denver,Costumes
Denver,Pumpkin Patches
Denver,Water Delivery
Denver,Appraisal Services
Denver,Paint Stores
Denver,Bingo Halls
Denver,Chiropractors
Denver,Video Game Stores
Denver,Somali
Denver,Medical Centers
Denver,Pet Adoption
Denver,Talent Agencies
Denver,Olive Oil
Denver,Filipino
Denver,Flea Markets
Denver,Makerspaces
Denver,Special Education
Denver,Themed Cafes
Denver,Eritrean
Denver,Comic Books
Denver,Laotian
Denver,Self Storage
Denver,Tanning
Denver,Home & Garden
Denver,Newspapers & Magazines
Denver,Metal Fabricators
Denver,Lactation Services
Denver,Meaderies
Denver,Sports Betting
Denver,Gemstones & Minerals
Denver,Pet Breeders
Denver,Disc Golf
