city,Unique Categories
New York,Fondue
New York,Sicilian
New York,Club Crawl
New York,Badminton
New York,Ski Resorts
New York,Scottish
New York,South African
New York,Trivia Hosts
New York,Malaysian
New York,Bangladeshi
New York,Public Art
New York,Armenian
New York,Music Production Services
New York,Bus Stations
New York,Georgian
New York,Sommelier Services
New York,Slovakian
New York,Vermouth Bars
New York,Pedicabs
New York,Japanese Curry
New York,Australian
New York,Buddhist Temples
New York,Language Schools
New York,Whale Watching Tours
Miami,Golf Cart Rentals
Miami,Flyboarding
Miami,Kiteboarding
Miami,Vacation Rentals
Miami,Resorts
Miami,Bartenders
Miami,Champagne Bars
Miami,Boat Dealers
Miami,Scooter Rentals
Miami,Nail Salons
Miami,Racing Experience
Miami,Beach Equipment Rentals
Miami,Bubble Soccer
Miami,Parasailing
Miami,Aquarium Services
Miami,Airsoft
Miami,Local Fish Stores
Miami,Ferries
Miami,Sunglasses
Miami,Sardinian
Miami,Outdoor Movies
Miami,Art Consultants
Miami,Motorcycle Dealers
Miami,Churches
Miami,"Books, Mags, Music & Video"
Miami,Hostels
Miami,Eyelash Service
Miami,Diving
Miami,Basque
Miami,Nicaraguan
Miami,Water Parks
Miami,Religious Items
Miami,Snorkeling
Miami,Skydiving
Miami,Moroccan
Miami,Herbal Shops
Miami,Piercing
Miami,Party Characters
Miami,Wedding Chapels
Miami,Hot Tub & Pool
Miami,Animal Shelters
Miami,Surf Schools
Miami,Pawn Shops
Miami,Skate Shops
Denver,Civic Center
Denver,Paint Stores
Denver,Furniture Stores
Denver,Gemstones & Minerals
Denver,Local Flavor
Denver,Sports Betting
Denver,Olive Oil
Denver,Themed Cafes
Denver,Rugs
Denver,Costumes
Denver,Reflexology
Denver,Disc Golf
Denver,Flea Markets
Denver,Meaderies
Denver,Drama Schools
Denver,Eritrean
Denver,Barbers
Denver,Chiropractors
Denver,Filipino
Denver,"Used, Vintage & Consignment"
Denver,Knitting Supplies
Denver,Caricatures
Denver,Public Markets
Denver,Sledding
Denver,Lakes
Denver,Hot Air Balloons
Denver,Brewing Supplies
Denver,Video Game Stores
Denver,Cambodian
Denver,Pet Breeders
Denver,Bingo Halls
Denver,Senegalese
Denver,Television Stations
Denver,RV Rental
Denver,Used Bookstore
Denver,Comic Books
Denver,Cannabis Dispensaries
Denver,Laotian
Denver,Hobby Shops
Denver,Traditional Chinese Medicine
Denver,Polynesian
Denver,Ski & Snowboard Shops
Denver,Pumpkin Patches
Denver,Ski Schools
Denver,Somali
Denver,Newspapers & Magazines